{"cameraMode":{"drawMode":0,"name":"Shaded","section":"Shading Mode"},"sceneLighting":false,"audioPlay":false,"sceneViewState":{"m_AlwaysRefresh":false,"showFog":true,"showSkybox":false,"showFlares":true,"showImageEffects":true,"showParticleSystems":true,"showVisualEffectGraphs":true,"m_FxEnabled":true},"in2DMode":false,"pivot":{"x":1.3705272674560547,"y":2.5013976097106935,"z":5.231088638305664},"rotation":{"x":0.0029911533929407598,"y":-0.01230158843100071,"z":-0.000023580549168400466,"w":-0.9999960660934448},"size":0.8831247091293335,"orthographic":false}